{"cameraMode":{"drawMode":0,"name":"Shaded","section":"Shading Mode"},"sceneLighting":true,"audioPlay":false,"sceneViewState":{"showFog":true,"showMaterialUpdate":false,"showSkybox":true,"showFlares":true,"showImageEffects":true,"showParticleSystems":true,"showVisualEffectGraphs":true,"m_FxEnabled":true},"in2DMode":false,"pivot":{"x":-0.2658626437187195,"y":-0.7386552095413208,"z":2.4630541801452638},"rotation":{"x":0.31192508339881899,"y":0.031345609575510028,"z":-0.010296850465238095,"w":0.9495301246643066},"size":4.674103260040283,"orthographic":false}